x,y,Tier,WinLose
23,15,Pro,1
28,12,Pro,1
32,12,Pro,1
26,22,Pro,1
114,98,Pro,0
111,75,Pro,0
114,107,Pro,0
101,106,Pro,0
114,107,Pro,0
23,15,Pro,1
37,9,Pro,1
13,11,Pro,1
29,11,Pro,1
14,41,Pro,1
21,10,Pro,1
111,107,Pro,0
111,75,Pro,0
108,107,Pro,0
110,106,Pro,0
91,107,Pro,0
113,106,Pro,0
19,12,Pro,1
11,19,Pro,1
18,15,Pro,1
16,12,Pro,1
15,16,Pro,1
114,108,Pro,0
117,110,Pro,0
100,108,Pro,0
108,108,Pro,0
114,91,Pro,1
116,95,Pro,1
116,97,Pro,1
116,86,Pro,1
114,92,Pro,1
23,10,Pro,0
12,29,Pro,0
13,11,Pro,0
14,13,Pro,0
12,11,Pro,0
16,12,Pro,1
21,13,Pro,1
14,12,Pro,1
19,11,Pro,1
102,106,Pro,0
103,107,Pro,0
103,106,Pro,0
100,106,Pro,0
24,12,Pro,1
103,108,Pro,0
12,13,Pro,1
12,15,Pro,1
12,17,Pro,1
13,12,Pro,1
105,108,Pro,0
114,107,Pro,0
113,101,Pro,0
114,106,Pro,0
113,105,Pro,0
12,8,Pro,1
12,17,Pro,0
113,107,Pro,1
113,108,Pro,1
119,110,Pro,1
113,107,Pro,1
11,9,Pro,0
14,11,Pro,0
13,10,Pro,0
15,11,Pro,0
115,101,Pro,1
114,105,Pro,1
114,102,Pro,1
117,107,Pro,1
116,103,Pro,1
115,104,Pro,1
12,9,Pro,0
12,19,Pro,0
12,9,Pro,0
12,10,Pro,0
10,10,Pro,0
114,106,Pro,0
109,103,Pro,0
116,99,Pro,0
115,105,Pro,0
115,106,Pro,0
16,11,Pro,1
23,10,Pro,1
15,11,Pro,1
14,11,Pro,1
19,11,Pro,1
116,106,Pro,0
103,108,Pro,0
115,107,Pro,0
17,12,Pro,1
15,30,Pro,1
17,12,Pro,1
21,10,Pro,1
21,17,Pro,1
113,90,Pro,0
115,109,Pro,0
112,86,Pro,0
14,23,Pro,1
15,11,Pro,1
26,12,Pro,1
14,14,Pro,1
114,107,Pro,0
112,107,Pro,0
16,11,Pro,1
111,105,Pro,0
114,107,Pro,0
14,21,Pro,0
12,11,Pro,0
24,12,Pro,0
15,12,Pro,0
104,108,Pro,1
94,108,Pro,1
89,107,Pro,1
99,108,Pro,1
104,108,Pro,1
17,12,Pro,0
13,14,Pro,1
25,11,Pro,1
16,11,Pro,1
114,93,Pro,0
115,107,Pro,0
116,108,Pro,0
112,103,Pro,0
113,93,Pro,0
9,11,Pro,1
10,10,Pro,1
116,87,Pro,1
111,106,Pro,1
93,108,Pro,1
96,108,Pro,1
57,10,Pro,0
14,49,Pro,0
29,18,Pro,0
46,10,Pro,0
37,13,Pro,0
103,108,Pro,1
114,108,Pro,0
112,107,Pro,0
109,103,Pro,0
94,108,Pro,0
113,100,Pro,0
31,11,Pro,1
10,10,Pro,1
11,11,Pro,1
10,7,Pro,1
18,11,Pro,1
12,12,Pro,1
12,27,Pro,1
14,11,Pro,1
11,8,Pro,1
12,8,Pro,1
113,105,Pro,0
114,108,Pro,0
115,106,Pro,0
115,105,Pro,0
113,106,Pro,0
118,106,Pro,0
76,103,Pro,0
114,108,Pro,0
112,105,Pro,0
38,39,Pro,1
32,36,Pro,1
38,43,Pro,1
36,40,Pro,1
112,106,Pro,0
29,32,Pro,1
116,108,Pro,1
115,108,Pro,1
115,108,Pro,1
112,107,Pro,1
116,107,Pro,1
10,9,Pro,0
11,10,Pro,0
12,10,Pro,0
11,9,Pro,0
12,9,Pro,0
62,74,Pro,1
115,106,Pro,1
94,85,Pro,1
44,68,Pro,0
62,41,Pro,0
37,89,Pro,1
47,33,Pro,0
51,43,Pro,0
30,105,Pro,1
60,40,Pro,0
103,99,Pro,1
111,99,Pro,1
107,105,Pro,1
14,11,Pro,0
25,11,Pro,0
111,108,Pro,1
14,11,Pro,0
11,11,Pro,0
12,10,Pro,0
114,107,Pro,1
10,10,Pro,0
115,108,Pro,1
115,101,Pro,1
114,99,Pro,1
116,103,Pro,1
113,103,Pro,1
11,11,Pro,0
9,9,Pro,0
13,11,Pro,0
11,10,Pro,0
84,105,Pro,1
115,105,Pro,1
115,107,Pro,1
98,91,Pro,1
113,78,Pro,1
43,58,Pro,0
39,50,Pro,0
40,52,Pro,0
37,45,Pro,0
40,51,Pro,0
14,45,Pro,0
19,15,Pro,0
43,10,Pro,0
24,23,Pro,0
19,11,Pro,0
115,101,Pro,1
116,105,Pro,1
114,100,Pro,1
115,83,Pro,1
112,86,Pro,1
114,97,Pro,0
114,93,Pro,0
18,11,Pro,1
12,22,Pro,1
13,13,Pro,1
20,11,Pro,1
16,12,Pro,1
114,98,Pro,0
116,106,Pro,0
115,109,Pro,0
17,20,Pro,1
21,25,Pro,1
20,21,Pro,1
24,22,Pro,1
19,23,Pro,1
113,107,Pro,0
115,106,Pro,0
115,105,Pro,0
113,89,Pro,0
113,106,Pro,0
14,13,Pro,1
13,13,Pro,1
15,29,Pro,1
25,15,Pro,1
14,11,Pro,1
112,107,Pro,0
114,106,Pro,0
111,105,Pro,0
108,107,Pro,0
112,86,Pro,0
11,13,Pro,0
115,103,Pro,1
116,108,Pro,1
115,106,Pro,1
116,102,Pro,1
114,105,Pro,1
15,18,Pro,0
8,9,Pro,0
11,9,Pro,0
11,11,Pro,0
114,108,Pro,0
84,100,Pro,0
101,108,Pro,0
85,101,Pro,0
102,107,Pro,0
13,39,Pro,1
13,38,Pro,1
13,42,Pro,1
14,40,Pro,1
11,40,Pro,1
116,103,Pro,1
114,105,Pro,1
117,108,Pro,1
11,9,Pro,0
14,13,Pro,0
12,10,Pro,0
16,12,Pro,0
24,12,Pro,0
114,93,Pro,1
115,106,Pro,1
107,93,Pro,0
114,107,Pro,0
116,85,Pro,0
113,75,Pro,0
113,78,Pro,0
32,11,Pro,1
40,13,Pro,1
53,12,Pro,1
47,9,Pro,1
43,11,Pro,1
114,107,Pro,1
115,106,Pro,1
13,22,Pro,0
112,104,Pro,1
12,22,Pro,0
11,15,Pro,0
14,17,Pro,0
114,97,Pro,1
109,106,Pro,1
19,23,Pro,0
15,31,Pro,0
15,13,Pro,0
20,14,Pro,0
28,11,Pro,0
27,12,Pro,0
114,96,Pro,0
115,99,Pro,0
116,106,Pro,0
94,104,Pro,0
116,107,Pro,0
9,7,Normal,0
33,31,Normal,0
61,67,Normal,1
50,11,Normal,0
56,11,Normal,0
52,108,Normal,1
54,93,Normal,1
12,63,Normal,0
110,71,Normal,1
89,83,Normal,1
114,74,Normal,1
9,8,Normal,0
14,71,Normal,0
86,45,Normal,1
14,50,Normal,0
60,105,Normal,1
82,104,Normal,1
85,44,Normal,0
64,60,Normal,1
51,53,Normal,0
116,108,Normal,1
73,104,Normal,1
52,10,Normal,0
113,63,Normal,1
62,66,Normal,1
48,71,Normal,0
13,31,Normal,0
9,10,Normal,0
86,104,Normal,1
14,76,Normal,0
30,30,High,1
20,28,High,1
111,83,High,0
45,10,High,1
104,101,High,0
45,11,High,1
113,105,High,0
89,107,High,0
29,18,High,1
113,84,High,0
60,57,Normal,0
110,32,Normal,0
114,28,Normal,1
9,7,Normal,1
29,81,Normal,0
54,54,Normal,1
117,29,Normal,1
14,78,Normal,1
14,86,Normal,0
114,36,Normal,0
9,8,High,1
48,108,High,0
111,76,High,0
101,97,High,0
47,86,High,0
59,11,High,1
64,95,High,0
33,79,High,1
10,7,High,1
47,47,High,1
31,26,High,0
75,104,High,1
26,29,High,0
115,106,High,1
36,14,High,0
94,86,High,1
60,13,High,0
16,31,High,0
104,93,High,1
109,39,High,1
87,80,High,0
30,29,High,1
116,108,High,0
86,105,High,0
12,29,High,1
11,8,High,1
114,107,High,0
20,13,High,1
13,8,High,1
114,97,High,0
31,12,Normal,1
116,109,Normal,0
109,97,Normal,0
16,12,Normal,1
56,36,Normal,1
34,33,Normal,1
12,47,Normal,1
114,73,Normal,0
121,106,Normal,0
71,108,Normal,0
45,11,Normal,0
106,61,Normal,1
71,65,Normal,1
115,105,Normal,1
10,8,Normal,0
13,36,Normal,0
14,16,Normal,0
56,107,Normal,1
94,91,Normal,1
34,33,Normal,0
10,12,High,0
117,109,High,1
17,11,High,0
82,103,High,1
11,10,High,0
12,7,High,0
88,79,High,1
95,105,High,1
20,20,High,0
118,109,High,1
108,96,High,0
8,9,High,1
13,11,High,1
10,9,High,1
9,6,High,1
115,108,High,0
115,109,High,0
115,107,High,0
13,12,High,1
97,105,High,0
40,10,High,0
44,97,High,1
119,107,High,1
25,45,High,0
11,8,High,0
18,87,High,0
33,31,High,0
88,107,High,1
108,35,High,1
113,105,High,1
16,12,High,1
79,105,High,0
11,10,High,1
115,101,High,0
15,55,High,1
93,89,High,0
110,107,High,0
49,10,High,1
23,20,High,1
89,107,High,0
37,11,High,1
103,107,High,0
25,10,High,1
112,71,High,0
112,93,High,0
25,14,High,1
86,80,High,0
82,105,High,0
30,25,High,1
15,32,High,1
14,76,Normal,1
47,69,Normal,1
86,78,Normal,0
114,70,Normal,0
110,79,Normal,0
35,11,Normal,1
81,39,Normal,1
32,105,Normal,0
78,106,Normal,0
11,8,Normal,1
34,34,Normal,1
15,68,Normal,1
91,85,Normal,0
105,92,Normal,0
41,73,Normal,1
75,11,Normal,1
109,93,Normal,0
76,107,Normal,0
12,59,Normal,1
115,107,Normal,0
54,109,Normal,0
12,71,Normal,1
49,46,Normal,1
71,100,Normal,0
117,107,Normal,0
67,10,Normal,1
14,49,Normal,1
112,45,Normal,0
60,13,Normal,1
115,108,Normal,0
113,59,Normal,1
25,105,Normal,1
42,42,Normal,0
12,48,Normal,0
11,9,Normal,0
44,87,Normal,1
74,10,Normal,0
111,38,Normal,1
112,106,Normal,1
32,11,Normal,0
15,25,High,1
60,105,High,0
9,8,High,1
100,105,High,0
46,13,High,1
109,42,High,0
15,32,High,1
94,85,High,0
11,12,High,1
79,106,High,0
54,30,High,0
56,97,High,1
60,62,High,0
15,92,High,1
91,19,High,0
112,23,High,0
53,78,High,0
110,30,High,1
64,60,High,1
15,86,High,0
111,63,High,1
9,8,High,0
88,82,High,1
94,108,High,1
38,36,High,0
91,82,High,1
44,11,High,0
11,12,High,0
113,46,High,1
40,11,High,0
112,71,High,1
11,8,High,0
95,108,High,1
36,36,High,0
15,75,High,0
29,11,High,0
70,63,High,1
12,13,High,0
104,93,High,1
116,108,High,1
118,109,High,0
31,29,High,1
110,108,High,0
9,9,High,1
32,9,High,1
13,16,High,1
114,79,High,0
117,109,High,0
16,11,High,1
93,83,High,0
116,108,High,0
46,10,High,1
105,101,High,0
12,13,High,1
13,38,High,1
114,108,High,0
17,11,High,1
24,19,High,1
108,107,High,0
111,81,High,0
12,20,High,1
9,7,High,1
11,8,High,1
24,17,High,1
98,101,High,0
116,108,High,0
104,108,High,0
56,91,High,0
13,11,High,1
103,99,High,0
12,11,High,1
91,86,High,0
12,8,High,1
116,108,High,0
10,8,High,1
89,103,High,0
37,11,High,1
111,62,High,0
12,12,High,1
48,108,High,0
49,68,Normal,1
87,79,Normal,0
28,105,Normal,0
115,108,Normal,0
12,42,Normal,1
55,10,Normal,1
44,11,Normal,1
13,38,Normal,1
79,108,Normal,0
111,53,Normal,0
39,38,Normal,1
109,17,Normal,1
114,56,Normal,0
66,105,Normal,0
14,51,Normal,1
57,10,Normal,1
11,10,Normal,1
74,105,Normal,0
72,63,Normal,0
114,48,Normal,0
41,10,Normal,1
11,8,Normal,1
111,66,Normal,0
88,106,Normal,0
32,32,Normal,1
103,59,Normal,0
117,110,Normal,0
67,16,Normal,1
16,26,Normal,1
88,105,Normal,0
77,108,Normal,1
81,76,Normal,1
53,106,Normal,1
15,75,Normal,0
14,22,Normal,0
15,11,Normal,0
111,44,Normal,1
110,63,Normal,1
53,49,Normal,0
9,7,Normal,0
26,29,High,0
12,31,High,0
106,107,High,1
102,99,High,1
14,24,High,0
116,107,High,1
28,8,High,0
80,105,High,1
13,38,High,0
115,104,High,1
112,44,Normal,0
31,31,Normal,1
15,30,Normal,1
47,98,Normal,0
25,15,Normal,1
89,81,Normal,0
68,103,Normal,0
46,10,Normal,1
9,7,Normal,1
111,42,Normal,0
55,10,High,0
38,15,High,0
11,10,High,0
14,49,High,0
88,102,High,1
105,107,High,1
89,84,High,1
119,108,High,1
54,9,High,0
114,108,High,1
14,64,Normal,1
14,65,Normal,1
40,52,Normal,1
71,9,Normal,1
89,107,Normal,0
12,10,Normal,1
50,72,Normal,0
107,92,Normal,0
114,94,Normal,0
111,77,Normal,0
14,76,Normal,1
25,106,Normal,0
93,39,Normal,0
83,45,Normal,0
52,51,Normal,1
79,11,Normal,1
113,39,Normal,0
27,80,Normal,1
60,10,Normal,1
117,107,Normal,0
109,54,Normal,1
114,50,Normal,1
14,13,Normal,0
13,11,Normal,0
115,106,Normal,1
116,108,Normal,1
9,8,Normal,0
22,10,Normal,0
43,43,Normal,0
104,106,Normal,1
14,67,Normal,0
10,7,Normal,0
18,11,Normal,0
102,89,Normal,1
13,11,Normal,0
114,105,Normal,1
94,105,Normal,1
71,78,Normal,1
35,13,Normal,0
79,103,Normal,1
118,110,High,0
110,107,High,0
121,108,High,0
12,9,High,1
8,9,High,1
118,107,High,0
14,11,High,1
13,11,High,1
10,10,High,1
116,107,High,0
67,10,High,0
103,107,High,1
115,109,High,1
23,90,High,0
86,11,High,0
26,28,High,0
114,79,High,1
78,9,High,0
93,85,High,1
38,106,High,1
75,105,VeryHigh,0
13,40,VeryHigh,1
93,85,VeryHigh,0
109,83,VeryHigh,0
46,11,VeryHigh,1
27,29,VeryHigh,1
34,10,VeryHigh,1
115,108,VeryHigh,0
22,63,VeryHigh,1
112,79,VeryHigh,0
50,11,VeryHigh,0
116,103,VeryHigh,1
116,111,VeryHigh,1
113,105,VeryHigh,1
31,11,VeryHigh,0
113,108,VeryHigh,1
30,29,VeryHigh,0
112,106,VeryHigh,1
11,8,VeryHigh,0
14,55,VeryHigh,0
93,108,VeryHigh,1
115,108,VeryHigh,1
13,33,VeryHigh,0
45,13,VeryHigh,0
108,108,VeryHigh,1
92,85,VeryHigh,1
99,54,VeryHigh,1
36,13,VeryHigh,0
34,33,VeryHigh,0
42,19,VeryHigh,0
21,9,VeryHigh,0
10,10,VeryHigh,0
14,23,VeryHigh,0
13,33,VeryHigh,0
114,104,VeryHigh,1
14,11,VeryHigh,0
117,109,VeryHigh,1
111,74,VeryHigh,1
93,86,VeryHigh,1
113,107,VeryHigh,1
84,107,VeryHigh,1
45,61,VeryHigh,0
115,96,VeryHigh,1
10,11,VeryHigh,0
10,9,VeryHigh,0
73,105,VeryHigh,1
113,95,VeryHigh,1
12,12,VeryHigh,0
12,8,VeryHigh,0
112,104,VeryHigh,1
97,86,VeryHigh,0
37,44,VeryHigh,1
104,107,VeryHigh,0
114,100,VeryHigh,0
83,107,VeryHigh,0
117,108,VeryHigh,0
11,10,VeryHigh,1
13,11,VeryHigh,1
11,10,VeryHigh,1
13,11,VeryHigh,1
31,32,VeryHigh,1
53,107,VeryHigh,0
91,82,VeryHigh,0
16,79,VeryHigh,1
113,74,VeryHigh,0
88,107,VeryHigh,0
114,96,VeryHigh,0
68,39,VeryHigh,1
82,39,VeryHigh,1
45,11,VeryHigh,1
12,11,VeryHigh,0
11,14,VeryHigh,0
111,83,VeryHigh,1
106,107,VeryHigh,1
50,11,VeryHigh,0
10,11,VeryHigh,0
114,107,VeryHigh,1
28,23,VeryHigh,0
104,108,VeryHigh,1
117,108,VeryHigh,1
11,8,Normal,1
109,19,Normal,1
15,93,Normal,0
63,61,Normal,0
14,90,Normal,0
112,22,Normal,0
11,42,Normal,1
110,29,Normal,0
15,85,Normal,1
58,56,Normal,1
15,101,VeryHigh,0
118,108,VeryHigh,0
104,107,VeryHigh,0
58,69,VeryHigh,1
104,14,VeryHigh,0
61,66,VeryHigh,1
102,14,VeryHigh,1
12,86,VeryHigh,1
116,107,VeryHigh,0
35,79,VeryHigh,1
17,11,VeryHigh,0
11,11,VeryHigh,0
89,106,VeryHigh,1
10,10,VeryHigh,0
116,108,VeryHigh,1
12,11,VeryHigh,0
71,105,VeryHigh,1
21,20,VeryHigh,0
115,107,VeryHigh,1
116,108,VeryHigh,1
113,105,VeryHigh,1
10,7,VeryHigh,0
119,107,VeryHigh,1
114,106,VeryHigh,1
116,107,VeryHigh,1
11,12,VeryHigh,0
12,10,VeryHigh,0
116,110,VeryHigh,1
11,10,VeryHigh,0
9,8,VeryHigh,0
30,28,VeryHigh,0
8,11,VeryHigh,0
114,108,VeryHigh,1
115,107,VeryHigh,1
110,50,VeryHigh,1
11,18,VeryHigh,0
116,108,VeryHigh,1
15,11,VeryHigh,0
69,88,VeryHigh,1
12,11,VeryHigh,0
20,20,Normal,1
117,110,Normal,0
13,42,Normal,1
109,107,Normal,0
47,33,Normal,1
51,52,Normal,1
48,109,Normal,0
41,11,Normal,1
114,104,Normal,0
89,79,Normal,0
19,74,Normal,1
9,7,Normal,1
106,11,Normal,1
15,42,Normal,1
102,54,Normal,0
114,64,Normal,0
28,94,Normal,0
73,65,Normal,0
46,45,Normal,1
52,106,Normal,0
108,107,VeryHigh,0
111,76,VeryHigh,0
110,105,VeryHigh,0
26,29,VeryHigh,1
15,45,VeryHigh,1
107,106,VeryHigh,0
14,20,VeryHigh,1
11,12,VeryHigh,1
24,11,VeryHigh,1
115,108,VeryHigh,0
111,108,Normal,1
115,107,Normal,1
101,12,Normal,0
90,82,Normal,1
32,34,Normal,0
114,63,Normal,1
15,31,Normal,0
111,49,Normal,1
14,55,Normal,0
98,12,Normal,0
119,107,VeryHigh,0
9,7,VeryHigh,1
115,109,VeryHigh,0
113,105,VeryHigh,0
11,10,VeryHigh,1
13,9,VeryHigh,1
14,12,VeryHigh,1
28,11,VeryHigh,1
115,105,VeryHigh,0
118,112,VeryHigh,0
28,12,Normal,1
113,72,Normal,0
92,84,Normal,0
69,105,Normal,0
12,8,Normal,1
46,12,Normal,1
82,105,Normal,0
30,12,Normal,1
115,109,Normal,0
12,12,Normal,1
88,80,Normal,1
14,75,Normal,0
12,8,Normal,0
39,11,Normal,0
113,78,Normal,1
55,106,Normal,1
38,12,Normal,0
55,106,Normal,1
88,45,Normal,1
19,41,Normal,0
33,10,VeryHigh,1
26,11,VeryHigh,1
73,104,VeryHigh,0
115,105,VeryHigh,0
30,29,VeryHigh,1
22,10,VeryHigh,1
105,95,VeryHigh,0
117,108,VeryHigh,0
15,26,VeryHigh,1
112,107,VeryHigh,0
80,24,Normal,0
55,55,Normal,0
82,105,Normal,1
13,72,Normal,0
41,12,Normal,0
117,107,Normal,1
114,47,Normal,1
17,74,Normal,0
113,68,Normal,1
26,105,Normal,1
49,34,Normal,1
117,109,Normal,0
10,8,Normal,1
114,65,Normal,0
92,83,Normal,0
12,7,Normal,1
7,10,Normal,1
115,108,Normal,0
85,104,Normal,0
71,44,Normal,1
33,10,VeryHigh,1
9,8,VeryHigh,1
11,10,VeryHigh,1
13,13,VeryHigh,1
113,92,VeryHigh,0
112,101,VeryHigh,0
116,108,VeryHigh,0
113,107,VeryHigh,0
113,105,VeryHigh,0
9,7,VeryHigh,1
40,51,Normal,1
45,12,Normal,1
117,109,Normal,0
117,106,Normal,0
42,11,Normal,1
73,64,Normal,0
32,32,Normal,1
106,102,Normal,0
17,75,Normal,1
99,105,Normal,0
98,27,Normal,1
69,65,Normal,0
117,109,Normal,0
56,42,Normal,1
113,58,Normal,0
114,61,Normal,0
48,46,Normal,1
52,106,Normal,0
11,44,Normal,1
41,74,Normal,1
121,106,High,1
7,11,High,0
117,108,High,1
116,108,High,1
118,109,High,1
9,9,High,0
10,10,High,0
10,9,High,0
6,10,High,0
116,108,High,1
8,9,VeryHigh,1
115,107,VeryHigh,0
103,96,VeryHigh,0
10,11,VeryHigh,1
117,107,VeryHigh,0
8,9,VeryHigh,1
119,109,VeryHigh,0
116,108,VeryHigh,0
22,12,VeryHigh,1
12,7,VeryHigh,1
11,8,VeryHigh,0
118,107,VeryHigh,1
28,11,VeryHigh,0
8,9,VeryHigh,0
100,108,VeryHigh,1
115,104,VeryHigh,1
29,12,VeryHigh,0
11,10,VeryHigh,0
116,110,VeryHigh,1
114,105,VeryHigh,1
93,85,High,0
111,82,High,0
112,73,High,0
53,108,High,0
10,11,High,1
11,11,High,1
49,11,High,1
84,106,High,0
9,9,High,1
23,19,High,1
120,107,Normal,0
71,106,Normal,0
82,11,Normal,1
115,108,Normal,0
95,104,Normal,0
16,68,Normal,1
50,47,Normal,1
113,43,Normal,0
33,10,Normal,1
15,44,Normal,1
114,106,Normal,1
99,96,Normal,1
115,103,Normal,1
47,10,Normal,0
112,107,Normal,1
114,102,Normal,1
14,36,Normal,0
11,8,Normal,0
33,32,Normal,0
42,11,Normal,0
11,9,Normal,0
89,105,Normal,1
111,99,Normal,1
50,72,Normal,1
104,33,Normal,1
90,82,Normal,1
109,18,Normal,0
15,73,Normal,0
111,19,Normal,0
84,21,Normal,0
77,68,High,0
47,43,High,1
114,60,High,0
50,31,High,1
62,103,High,0
52,105,High,0
81,35,High,0
9,7,High,1
71,32,High,1
60,43,High,1
111,106,VeryHigh,0
63,17,VeryHigh,1
11,53,VeryHigh,1
85,30,VeryHigh,1
115,106,VeryHigh,0
54,89,VeryHigh,0
66,88,VeryHigh,0
81,33,VeryHigh,1
98,80,VeryHigh,0
31,31,VeryHigh,1
113,50,Normal,1
9,7,Normal,0
49,11,Normal,0
29,109,Normal,1
90,11,Normal,0
90,81,Normal,1
14,66,Normal,0
33,32,Normal,0
113,89,Normal,1
48,107,Normal,1
94,108,High,0
79,96,High,0
117,107,High,0
15,17,High,1
13,11,High,1
16,51,High,1
13,9,High,1
67,12,High,1
92,84,High,0
106,34,High,0
113,107,VeryHigh,0
60,11,VeryHigh,1
14,51,VeryHigh,1
49,67,VeryHigh,1
91,84,VeryHigh,0
47,65,VeryHigh,1
116,108,VeryHigh,0
115,81,VeryHigh,0
117,109,VeryHigh,0
23,13,VeryHigh,1
59,10,Normal,1
113,89,Normal,0
15,34,Normal,1
14,13,Normal,1
110,93,Normal,0
117,107,Normal,0
109,107,Normal,0
35,36,Normal,1
113,65,Normal,0
66,9,Normal,1
14,51,High,0
34,32,High,0
11,8,High,0
115,108,High,1
73,65,High,1
10,10,High,0
91,108,High,1
76,105,High,1
75,105,High,1
47,10,High,0
107,108,Pro,0
114,106,Pro,0
15,21,Pro,1
114,104,Pro,0
15,19,Pro,1
14,20,Pro,1
13,15,Pro,1
15,25,Pro,1
113,107,Pro,0
113,106,Pro,0
25,106,Normal,1
80,24,Normal,0
114,107,Normal,1
82,32,Normal,0
31,30,Normal,0
14,65,Normal,0
70,65,Normal,1
106,60,Normal,1
14,60,Normal,0
52,106,Normal,1
14,95,Normal,0
50,70,Normal,1
119,26,Normal,1
119,110,Normal,0
78,23,Normal,1
66,61,Normal,0
113,48,Normal,0
14,49,Normal,1
23,104,Normal,1
13,88,Normal,1
15,19,Pro,1
19,23,Pro,1
105,102,Pro,0
13,17,Pro,1
116,105,Pro,0
115,97,Pro,0
113,107,Pro,0
101,108,Pro,0
14,19,Pro,1
16,20,Pro,1
78,73,Normal,0
37,36,Normal,1
48,12,Normal,1
16,92,Normal,1
116,108,Normal,0
115,107,Normal,0
83,106,Normal,0
13,34,Normal,1
112,48,Normal,0
93,10,Normal,1
20,15,Normal,0
12,28,Normal,0
68,107,Normal,1
113,85,Normal,1
32,11,Normal,0
9,10,Normal,0
81,106,Normal,1
39,10,Normal,0
72,61,Normal,1
115,109,Normal,1
35,32,Normal,1
9,7,Normal,1
50,10,Normal,1
13,37,Normal,1
16,35,Normal,1
77,68,Normal,0
111,80,Normal,0
65,108,Normal,0
119,110,Normal,0
114,75,Normal,0
120,111,Normal,1
50,55,Normal,0
91,17,Normal,0
82,39,Normal,0
31,108,Normal,1
88,107,Normal,1
94,87,Normal,1
8,8,Normal,0
14,70,Normal,0
114,84,Normal,1
12,16,VeryHigh,0
26,28,VeryHigh,0
83,99,VeryHigh,1
52,9,VeryHigh,0
118,107,VeryHigh,1
11,12,VeryHigh,0
114,106,VeryHigh,1
9,10,VeryHigh,0
114,107,VeryHigh,1
62,106,VeryHigh,1
16,86,Normal,0
114,30,Normal,0
112,38,Normal,1
111,24,Normal,0
14,86,Normal,0
115,109,Normal,1
39,104,Normal,1
17,93,Normal,1
61,58,Normal,1
58,55,Normal,0
46,11,VeryHigh,0
94,85,VeryHigh,1
117,109,VeryHigh,1
9,10,VeryHigh,0
35,39,VeryHigh,0
115,107,VeryHigh,1
80,105,VeryHigh,1
28,29,VeryHigh,0
42,10,VeryHigh,0
111,78,VeryHigh,1
104,107,Normal,1
54,31,Normal,0
89,46,Normal,1
116,93,Normal,1
15,72,Normal,0
13,35,Normal,0
9,7,Normal,0
89,81,Normal,1
50,50,Normal,0
36,107,Normal,1
115,109,VeryHigh,0
13,11,VeryHigh,1
11,11,VeryHigh,1
10,13,VeryHigh,1
9,9,VeryHigh,1
116,105,VeryHigh,0
11,9,VeryHigh,1
111,108,VeryHigh,0
117,108,VeryHigh,0
116,108,VeryHigh,0
115,109,High,1
61,105,High,1
69,104,High,1
39,38,High,0
111,101,High,1
43,11,High,0
62,10,High,0
13,33,High,0
44,82,High,0
111,63,High,1
10,8,Normal,1
120,108,Normal,0
12,36,Normal,1
99,51,Normal,0
18,25,Normal,1
69,64,Normal,0
41,10,Normal,1
118,109,Normal,0
15,45,Normal,1
72,108,Normal,0
10,7,VeryHigh,1
112,69,VeryHigh,0
113,108,VeryHigh,0
13,9,VeryHigh,1
108,63,VeryHigh,0
114,105,VeryHigh,0
13,32,VeryHigh,1
115,108,VeryHigh,0
43,9,VeryHigh,1
29,30,VeryHigh,1
83,105,VeryHigh,0
112,107,VeryHigh,0
33,32,VeryHigh,1
94,86,VeryHigh,0
11,9,VeryHigh,1
11,10,VeryHigh,1
9,8,VeryHigh,1
112,59,VeryHigh,0
84,105,VeryHigh,0
23,10,VeryHigh,1
14,57,VeryHigh,1
62,11,VeryHigh,1
43,15,VeryHigh,1
89,107,VeryHigh,0
114,107,VeryHigh,0
92,84,VeryHigh,0
115,109,VeryHigh,0
27,29,VeryHigh,1
117,108,VeryHigh,0
72,10,VeryHigh,1
67,106,VeryHigh,1
13,10,VeryHigh,0
116,106,VeryHigh,1
116,105,VeryHigh,1
19,11,VeryHigh,0
93,85,VeryHigh,1
11,12,VeryHigh,0
13,11,VeryHigh,0
10,10,VeryHigh,0
114,107,VeryHigh,1
14,11,VeryHigh,0
14,21,VeryHigh,0
115,108,VeryHigh,1
9,9,VeryHigh,0
12,14,VeryHigh,0
85,104,VeryHigh,1
109,103,VeryHigh,1
112,86,VeryHigh,1
85,105,VeryHigh,1
22,17,VeryHigh,0
111,106,VeryHigh,1
119,110,VeryHigh,1
115,108,VeryHigh,1
16,30,VeryHigh,0
23,12,VeryHigh,0
13,13,VeryHigh,0
10,12,VeryHigh,0
116,109,VeryHigh,1
116,107,VeryHigh,1
31,19,VeryHigh,0
111,29,VeryHigh,0
108,19,VeryHigh,1
44,83,VeryHigh,0
7,7,VeryHigh,1
34,96,VeryHigh,1
87,31,VeryHigh,1
18,91,VeryHigh,0
57,54,VeryHigh,1
62,88,VeryHigh,0
12,96,VeryHigh,0
96,108,High,0
83,107,High,0
117,107,High,0
12,11,High,0
12,30,High,0
56,10,High,0
48,31,High,0
83,50,High,0
38,40,High,0
92,84,High,0
13,35,VeryHigh,1
9,11,VeryHigh,1
74,102,VeryHigh,0
113,94,VeryHigh,0
109,54,VeryHigh,0
14,11,VeryHigh,1
38,11,VeryHigh,1
92,86,VeryHigh,0
68,108,VeryHigh,0
14,12,VeryHigh,1
100,12,High,1
15,47,High,1
90,82,High,0
107,87,High,0
12,38,High,1
117,107,High,0
107,107,High,0
112,86,High,0
19,30,High,1
31,30,High,1
116,108,VeryHigh,1
50,12,VeryHigh,0
112,55,VeryHigh,1
117,110,VeryHigh,1
10,9,VeryHigh,0
15,13,VeryHigh,0
12,36,VeryHigh,0
112,108,VeryHigh,1
11,20,VeryHigh,0
101,93,VeryHigh,1
19,16,Pro,0
9,9,Pro,0
118,107,Pro,1
13,11,Pro,0
114,106,Pro,1
115,108,Pro,1
116,108,Pro,1
10,12,Pro,0
12,11,Pro,0
116,107,Pro,1
15,19,Pro,1
17,21,Pro,1
14,17,Pro,1
115,106,Pro,0
116,106,Pro,0
113,107,Pro,0
114,105,Pro,0
115,97,Pro,0
14,14,Pro,1
16,20,Pro,1
114,83,Pro,1
31,34,Pro,0
112,86,Pro,1
113,108,Pro,1
27,29,Pro,0
12,13,Pro,0
17,11,Pro,0
112,87,Pro,1
99,91,Pro,1
28,21,Pro,0
12,20,Pro,0
114,96,Pro,1
12,17,Pro,0
9,9,Pro,0
117,107,Pro,1
116,109,Pro,1
104,108,Pro,1
11,22,Pro,0
12,10,Pro,0
115,108,Pro,1
36,13,Pro,0
116,108,Pro,1
22,18,Pro,0
18,22,Pro,0
99,105,Pro,1
116,108,Pro,1
95,108,Pro,1
108,108,Pro,1
18,14,Pro,0
12,15,Pro,0
74,104,High,1
112,47,High,1
30,29,High,0
18,13,High,0
13,36,High,0
115,109,High,1
66,106,High,1
13,38,High,0
93,84,High,1
32,17,High,0
92,78,High,1
115,76,High,1
89,107,High,1
11,8,High,0
114,107,High,1
79,10,High,0
32,30,High,0
49,11,High,0
84,104,High,1
15,70,High,0
116,109,Pro,0
13,10,Pro,1
115,106,Pro,0
115,107,Pro,0
9,8,Pro,1
11,10,Pro,1
13,12,Pro,1
15,11,Pro,1
119,108,Pro,0
116,102,Pro,0
50,51,Normal,0
46,74,Normal,1
115,109,Normal,1
112,50,Normal,1
25,23,Normal,0
21,106,Normal,1
58,92,Normal,1
15,55,Normal,0
97,13,Normal,0
13,54,Normal,0
43,12,Normal,0
91,29,Normal,0
110,36,Normal,0
31,33,Normal,0
14,67,Normal,0
14,83,Normal,0
63,59,Normal,0
117,107,Normal,0
104,15,Normal,0
121,108,Normal,0
58,13,High,1
93,84,High,0
48,11,High,1
12,68,High,1
75,105,High,0
98,108,High,0
113,74,High,0
45,12,High,1
31,31,High,1
105,108,High,0
60,11,Normal,0
121,107,Normal,1
14,74,Normal,0
37,36,Normal,0
65,62,Normal,1
91,11,Normal,0
118,109,Normal,1
112,47,Normal,1
28,108,Normal,1
54,11,Normal,0
14,11,VeryHigh,1
54,35,VeryHigh,1
11,13,VeryHigh,1
97,108,VeryHigh,0
115,106,VeryHigh,0
11,12,VeryHigh,1
116,106,VeryHigh,0
113,103,VeryHigh,0
9,9,VeryHigh,1
116,107,VeryHigh,0
105,101,High,1
39,10,High,0
104,91,High,1
34,10,High,0
51,11,High,0
115,109,High,1
18,15,High,0
105,95,High,1
114,103,High,1
13,23,High,0
15,73,Normal,1
43,41,Normal,1
98,105,Normal,0
112,44,Normal,0
117,109,Normal,0
9,7,Normal,1
29,12,Normal,1
92,109,Normal,0
114,97,Normal,0
52,12,Normal,1
8,10,High,0
9,9,High,0
107,108,High,0
114,108,High,0
11,11,High,0
116,103,High,0
116,109,High,0
12,11,High,0
9,7,High,0
114,106,High,0
104,104,High,1
37,35,High,0
117,108,High,1
111,79,High,1
13,9,High,0
12,17,High,0
120,108,High,1
25,12,High,0
99,107,High,1
12,24,High,0
71,106,High,1
90,82,High,1
29,29,High,0
13,44,High,0
118,108,High,1
74,105,High,1
13,54,High,0
101,31,High,1
70,18,High,0
14,53,High,0
116,91,High,1
55,10,High,0
116,109,High,1
85,104,High,1
29,24,High,0
21,26,High,0
10,9,High,0
44,76,High,1
96,12,High,0
93,86,High,1
11,11,High,1
15,11,High,1
92,84,High,0
10,9,High,1
26,11,High,1
120,111,High,0
117,109,High,0
115,105,High,0
9,11,High,1
116,107,High,0
10,10,Normal,0
11,7,Normal,0
8,6,Normal,0
17,10,Normal,0
90,83,Normal,1
114,75,Normal,1
10,8,Normal,0
72,105,Normal,1
111,70,Normal,1
64,96,Normal,1
34,30,VeryHigh,1
49,65,VeryHigh,1
88,79,VeryHigh,0
81,36,VeryHigh,1
117,109,VeryHigh,0
115,108,VeryHigh,0
12,36,VeryHigh,1
75,105,VeryHigh,0
88,10,VeryHigh,1
105,108,VeryHigh,0
93,86,VeryHigh,1
27,11,VeryHigh,0
38,47,VeryHigh,0
26,29,VeryHigh,0
115,98,VeryHigh,1
12,12,VeryHigh,0
113,108,VeryHigh,1
111,75,VeryHigh,1
116,107,VeryHigh,1
13,7,VeryHigh,0
9,8,High,1
58,105,High,0
36,13,High,1
111,83,High,0
15,44,High,1
82,33,High,1
115,105,High,0
59,108,High,0
85,76,High,0
31,31,High,1
22,18,High,0
115,107,High,1
29,25,High,0
116,103,High,1
117,107,High,1
12,9,High,0
8,10,High,0
114,103,High,1
90,108,High,1
10,9,High,0
119,108,VeryHigh,1
9,9,VeryHigh,0
114,107,VeryHigh,1
111,108,VeryHigh,1
116,104,VeryHigh,1
40,24,VeryHigh,0
68,97,VeryHigh,1
30,11,VeryHigh,0
13,36,VeryHigh,0
81,28,VeryHigh,0
45,76,VeryHigh,1
76,73,VeryHigh,1
113,65,VeryHigh,1
35,34,VeryHigh,0
81,31,VeryHigh,0
56,11,VeryHigh,0
22,89,VeryHigh,1
71,20,VeryHigh,0
25,83,VeryHigh,0
115,106,VeryHigh,1
29,12,VeryHigh,1
14,64,VeryHigh,1
27,29,VeryHigh,1
110,103,VeryHigh,0
12,11,VeryHigh,1
12,37,VeryHigh,1
40,108,VeryHigh,0
84,101,VeryHigh,0
105,101,VeryHigh,0
115,108,VeryHigh,0
14,66,High,0
60,41,High,0
33,68,High,0
79,62,High,1
49,48,High,0
22,63,High,0
101,88,High,1
85,104,High,1
116,108,High,1
84,75,High,1
81,41,High,0
82,107,High,1
13,8,High,0
109,44,High,1
88,107,High,1
61,74,High,1
37,33,High,0
93,86,High,1
34,69,High,0
14,60,High,0
93,87,High,0
56,12,High,1
30,29,High,1
12,10,High,1
112,105,High,0
115,106,High,0
9,10,High,1
104,102,High,0
40,12,High,1
108,107,High,0
36,107,High,1
116,108,High,1
38,12,High,0
12,14,High,0
113,68,High,1
9,8,High,0
11,11,High,0
41,54,High,0
115,108,High,1
115,108,High,1
114,106,VeryHigh,0
115,108,VeryHigh,0
114,66,VeryHigh,0
13,11,VeryHigh,1
9,8,VeryHigh,1
9,12,VeryHigh,1
116,107,VeryHigh,0
10,7,VeryHigh,1
11,10,VeryHigh,1
117,108,VeryHigh,0
96,108,VeryHigh,1
38,11,VeryHigh,0
14,11,VeryHigh,0
11,11,VeryHigh,0
118,108,VeryHigh,1
116,108,VeryHigh,1
114,91,VeryHigh,1
10,10,VeryHigh,0
10,9,VeryHigh,0
115,109,VeryHigh,1
10,9,VeryHigh,0
48,10,VeryHigh,0
110,107,VeryHigh,1
116,109,VeryHigh,1
115,109,VeryHigh,1
27,29,VeryHigh,0
37,13,VeryHigh,0
115,106,VeryHigh,1
12,27,VeryHigh,0
116,108,VeryHigh,1
26,28,VeryHigh,1
116,107,VeryHigh,0
12,11,VeryHigh,1
115,106,VeryHigh,0
18,11,VeryHigh,1
115,109,VeryHigh,0
116,101,VeryHigh,0
11,13,VeryHigh,1
114,109,VeryHigh,0
15,37,VeryHigh,1
15,34,VeryHigh,1
27,29,VeryHigh,1
88,80,VeryHigh,0
117,107,VeryHigh,0
113,96,VeryHigh,0
71,20,VeryHigh,1
111,62,VeryHigh,0
38,13,VeryHigh,1
15,31,VeryHigh,1
78,104,VeryHigh,0
24,28,VeryHigh,1
61,71,VeryHigh,0
88,107,VeryHigh,0
13,10,VeryHigh,1
39,11,VeryHigh,1
49,11,VeryHigh,1
115,109,VeryHigh,0
93,86,VeryHigh,0
112,70,VeryHigh,0
41,11,VeryHigh,1
33,10,VeryHigh,1
45,10,VeryHigh,1
106,108,VeryHigh,0
115,109,VeryHigh,0
117,108,VeryHigh,0
22,17,VeryHigh,1
33,15,VeryHigh,1
116,107,VeryHigh,0
11,21,VeryHigh,1
115,107,VeryHigh,0
16,14,High,1
102,108,High,0
21,10,High,1
115,107,High,0
91,82,High,0
29,11,High,1
112,108,High,0
10,11,High,1
12,12,High,1
111,80,High,0
11,10,VeryHigh,0
116,108,VeryHigh,1
22,17,VeryHigh,0
115,108,VeryHigh,1
94,105,VeryHigh,1
11,9,VeryHigh,0
116,106,VeryHigh,1
13,11,VeryHigh,0
66,75,VeryHigh,1
50,67,VeryHigh,0
94,86,VeryHigh,1
100,12,VeryHigh,0
68,95,VeryHigh,1
115,104,VeryHigh,1
11,20,VeryHigh,0
46,97,VeryHigh,1
73,101,VeryHigh,1
73,17,VeryHigh,0
33,33,VeryHigh,0
11,11,VeryHigh,0
23,11,Pro,1
29,12,Pro,1
114,91,Pro,0
28,11,Pro,1
25,9,Pro,1
25,11,Pro,1
113,93,Pro,0
115,106,Pro,0
112,85,Pro,0
113,91,Pro,0
13,7,Pro,0
115,107,Pro,1
112,108,Pro,1
104,101,Pro,1
117,103,Pro,1
112,84,Pro,1
14,11,Pro,0
10,10,Pro,0
26,11,Pro,0
12,10,Pro,0
12,13,Pro,0
13,17,Pro,0
114,106,Pro,1
112,107,Pro,1
116,103,Pro,1
114,101,Pro,1
115,106,Pro,1
12,18,Pro,0
13,17,Pro,0
13,14,Pro,0
12,13,Pro,1
115,104,Pro,0
114,107,Pro,0
11,12,Pro,1
117,109,Pro,0
13,19,Pro,1
114,107,Pro,0
12,13,Pro,1
11,21,Pro,1
117,107,Pro,0
81,73,VeryHigh,0
41,10,VeryHigh,1
101,106,VeryHigh,0
36,32,VeryHigh,1
87,107,VeryHigh,0
30,92,VeryHigh,1
14,21,VeryHigh,1
114,98,VeryHigh,0
40,12,VeryHigh,1
116,108,VeryHigh,0
13,18,Pro,0
13,11,Pro,0
115,104,Pro,1
20,11,Pro,0
15,13,Pro,0
114,101,Pro,1
115,105,Pro,1
115,98,Pro,1
115,104,Pro,1
14,12,Pro,0
113,88,Pro,1
11,19,Pro,0
9,7,Pro,0
111,100,Pro,1
10,8,Pro,0
99,106,Pro,1
14,11,Pro,0
114,106,Pro,1
113,108,Pro,1
11,11,Pro,0
114,108,VeryHigh,1
115,106,VeryHigh,1
10,8,VeryHigh,0
8,9,VeryHigh,0
117,109,VeryHigh,1
116,107,VeryHigh,1
31,27,VeryHigh,0
40,11,VeryHigh,0
11,10,VeryHigh,0
106,105,VeryHigh,1
115,104,Pro,1
116,105,Pro,1
116,100,Pro,1
115,99,Pro,1
15,13,Pro,0
13,19,Pro,0
9,9,Pro,0
12,13,Pro,0
12,9,Pro,0
101,108,Pro,1
13,13,High,0
80,107,High,1
73,58,High,1
80,103,High,1
75,19,High,0
12,30,High,0
50,11,High,0
109,101,High,1
100,103,High,1
9,8,High,0
7,9,High,1
14,11,High,1
9,9,High,1
112,81,High,0
13,15,High,1
29,12,High,1
117,107,High,0
117,110,High,0
114,107,High,0
99,96,High,0
116,109,High,1
29,27,High,0
111,65,High,1
11,10,High,0
66,11,High,0
93,84,High,1
119,109,High,1
67,108,High,1
35,10,High,0
15,39,High,0
81,10,Normal,0
48,12,Normal,0
120,109,Normal,1
31,18,Normal,0
63,105,Normal,1
29,29,Normal,0
32,11,Normal,0
82,107,Normal,1
113,80,Normal,1
68,62,Normal,1
25,21,High,1
14,48,High,1
115,105,High,0
113,107,High,0
13,5,High,1
114,108,High,0
91,84,High,0
29,11,High,1
118,108,High,0
10,9,High,1
10,8,Normal,0
91,83,Normal,1
28,105,Normal,1
33,32,Normal,0
12,9,Normal,0
114,42,Normal,1
61,10,Normal,0
14,56,Normal,0
113,79,Normal,1
86,105,Normal,1
110,92,VeryHigh,1
12,38,VeryHigh,0
112,89,VeryHigh,1
9,7,VeryHigh,0
93,85,VeryHigh,1
31,31,VeryHigh,0
41,28,VeryHigh,0
91,106,VeryHigh,1
44,12,VeryHigh,0
68,93,VeryHigh,1
